"Causa - CID-BR-10";"2019";"2020";"2021";"2022";"2023";"2024";"Total"
"001-031 ALGUMAS DOENÇAS INFECCIOSAS E PARASITÁRIAS";142;415;1034;276;172;167;2206
". 001 Doenças infecciosas intestinais";13;7;8;9;15;14;66
"... 003 Diarréia e gastroenterite orig infec pres";11;4;6;5;11;8;45
"... 004 Outras doenças infecciosas intestinais";2;3;2;4;4;6;21
". 005-006 Tuberculose";6;3;10;10;6;5;40
"... 005 Tuberculose respiratória";6;2;8;10;6;4;36
"... 006 Outras tuberculoses";-;1;2;-;-;1;4
". 007-015 Outras doenças bacterianas";59;77;105;93;82;66;482
"... 008 Leptospirose";-;-;1;1;-;-;2
"... 009 Hanseníase";-;-;-;-;1;-;1
"... 010 Tétano";-;-;-;1;-;-;1
"..... 010.3 Tétano acidental";-;-;-;1;-;-;1
"... 013 Infecção meningocócica";-;-;-;-;-;1;1
"... 014 Septicemia";54;74;97;86;73;56;440
"... 015 Infecções com transmissão predom sexual";-;-;-;1;-;-;1
". 016-023 Doenças virais";13;9;12;17;22;25;98
"... 018 Dengue";-;-;-;2;1;1;4
"... 020 Out febres p/arbovírus e febr hemor virais";2;-;1;3;2;8;16
"... 022 Hepatite viral";3;-;2;1;1;-;7
"... 023 Doen p/vírus da imunodefic humana (HIV)";7;7;8;7;15;15;59
". 024-027 Doenças transmitidas por protozoários";49;45;48;44;39;46;271
"... 025 Leishmaniose";1;-;-;-;-;-;1
"... 026 Doença de Chagas";48;45;48;44;39;46;270
". 028-030 Helmintíases";-;3;2;2;2;2;11
"... 028 Esquistossomose";-;3;2;1;2;1;9
"... 029 Cisticercose";-;-;-;1;-;-;1
"... 030 Restante de helmintíases";-;-;-;-;-;1;1
". 031 Restante algumas doenç infec e parasitárias";2;271;849;101;6;9;1238
"032-052 NEOPLASIAS";453;442;435;444;471;517;2762
". 032 Neopl malig do lábio, cav oral e faringe";16;23;17;20;19;25;120
". 033 Neoplasia maligna do esôfago";39;27;21;32;23;30;172
". 034 Neoplasia maligna do estômago";26;29;31;22;33;33;174
". 035 Neoplasia maligna do cólon,reto e ânus";42;33;43;47;50;55;270
". 036 Neopl malig do fígado e vias bil intrahepát";24;17;26;25;17;23;132
". 037 Neoplasia maligna do pâncreas";19;23;19;15;31;20;127
". 038 Neoplasia maligna da laringe";11;7;8;7;8;8;49
". 039 Neopl malig da traquéia,brônquios e pulmões";42;38;24;36;40;41;221
". 040 Neoplasia maligna da pele";3;2;3;3;3;1;15
". 041 Neoplasia maligna da mama";33;31;25;35;21;29;174
". 042 Neoplasia maligna do colo do útero";8;7;9;9;12;7;52
". 043 Neopl malig de corpo e partes n/esp útero";9;6;8;1;5;9;38
". 044 Neoplasia maligna do ovário";13;4;5;4;8;8;42
". 045 Neoplasia maligna da próstata";26;37;30;20;22;29;164
". 046 Neoplasia maligna da bexiga";8;7;3;11;6;5;40
". 047 Neopl malig mening,encéf e out partes SNC";22;14;14;20;14;20;104
". 048 Linfoma não-Hodgkin";12;12;11;8;10;9;62
". 049 Mieloma mult e neopl malig de plasmócitos";13;15;7;10;8;15;68
". 050 Leucemia";21;13;13;9;18;17;91
". 051 Neoplasias in situ, benig, comport incert";5;10;7;3;12;18;55
". 052 Restante de neoplasias malignas";61;87;111;107;111;115;592
"053-054 D SANGUE E ORG HEMAT E ALGUNS TRANS IMUNIT";15;9;14;23;9;18;88
". 053 Anemias";10;6;6;15;5;8;50
". 054 Rest d sangue, org hemat e alg transt imunit";5;3;8;8;4;10;38
"055-057 D ENDÓCRINAS, NUTRICIONAIS E METABÓLICAS";111;105;89;84;121;83;593
". 055 Diabetes mellitus";85;81;69;61;90;61;447
". 056 Desnutrição";6;5;4;8;4;5;32
". 057 Rest doenças endócr, nutricion e metabólicas";20;19;16;15;27;17;114
"058-059 TRANSTORNOS MENTAIS E COMPORTAMENTAIS";33;21;33;19;17;24;147
". 058 Transt ment e comport uso subst psicoativas";11;19;25;14;12;16;97
"... 058.1 Trans ment e comport devid uso álcool";8;18;20;12;9;12;79
". 059 Rest transtornos mentais e comportamentais";22;2;8;5;5;8;50
"060-063 DOENÇAS DO SISTEMA NERVOSO";89;83;78;75;120;94;539
". 060 Meningite";3;2;1;1;-;1;8
". 061 Doença de Alzheimer";50;32;39;40;64;35;260
". 062 Epilepsia";4;10;3;6;5;16;44
". 063 Restante das doenças do sistema nervoso";32;39;35;28;51;42;227
"065 DOENÇAS DO OUVIDO E DA APÓFISE MASTÓIDE";-;1;-;1;2;1;5
"066-072 DOENÇAS DO APARELHO CIRCULATÓRIO";499;609;670;752;655;721;3906
". 066 Febre reumát aguda e doen reum crôn coração";4;5;3;11;8;8;39
". 067 Doenças hipertensivas";55;97;105;131;131;130;649
". 068 Doenças isquêmicas do coração";87;133;140;165;153;202;880
"... 068.1 Infarto agudo do miocárdio";66;107;120;127;123;161;704
". 069 Outras doenças cardíacas";205;212;231;232;158;174;1212
". 070 Doenças cerebrovasculares";126;138;156;179;170;169;938
". 072 Rest doenças do aparelho circulatório";22;24;35;34;35;38;188
"073-077 DOENÇAS DO APARELHO RESPIRATÓRIO";229;225;187;313;337;310;1601
". 073 Influenza (gripe)";-;-;1;3;1;2;7
". 074 Pneumonia";144;126;107;159;179;145;860
". 075 Out infec agudas das vias aéreas inferiores";-;2;-;5;2;4;13
"... 075.1 Bronquiolite";-;2;-;2;2;4;10
". 076 Doenças crônicas das vias aéreas inferiores";51;57;33;80;100;98;419
"... 076.1 Asma";5;3;3;7;4;8;30
". 077 Restante  doenças do aparelho respiratório";34;40;46;66;55;61;302
"078-082 DOENÇAS DO APARELHO DIGESTIVO";122;127;113;148;143;129;782
". 078 Úlcera gástrica, duodenal e péptica";3;3;4;8;6;9;33
". 079 Peritonite";3;4;5;3;1;2;18
". 080 Doenças do fígado";57;54;51;61;59;54;336
"... 080.1 Doença alcoólica do fígado";20;28;19;29;33;26;155
"... 080.2 Fibrose e cirrose do fígado";21;17;23;24;18;22;125
"... 080.3 Outras doenças do fígado";16;9;9;8;8;6;56
". 081 Colecistite";6;5;4;3;2;5;25
". 082 Rest doenças do aparelho digestivo";53;61;49;73;75;59;370
"083 DOENÇAS DA PELE E TECIDO SUBCUTÂNEO";10;5;17;24;20;18;94
"084 DOENÇAS SIST OSTEOMUSC E TECIDO CONJUNTIVO";22;21;20;22;11;15;111
"085-087 DOENÇAS DO APARELHO GENITURINÁRIO";106;94;84;123;113;96;616
". 085 D glomerulares e d renais túbulo-interstic";11;5;7;12;5;2;42
". 086 Insuficiência renal";54;42;36;33;30;23;218
". 087 Rest doenças do aparelho geniturinário";41;47;41;78;78;71;356
"088-092 GRAVIDEZ, PARTO E PUERPÉRIO";-;3;10;-;6;1;20
". 088 Gravidez que termina em aborto";-;1;1;-;3;-;5
". 089 Outras causas obstétricas diretas";-;2;1;-;2;1;6
". 090 Causas obstétricas indiretas";-;-;7;-;-;-;7
". 092 Causas maternas tardias e sequelas";-;-;1;-;1;-;2
"093-097 ALG AFECÇÕES ORIGIN NO PERÍODO PERINATAL";37;28;35;33;35;28;196
". 093 Feto e recemnasc afet fat mat e compl grav";4;5;10;9;6;14;48
". 094 Transt relac duração gestação e cresc fetal";6;1;2;3;-;1;13
". 096 Trans resp e cardiovas espec per perinatal";13;11;15;5;12;3;59
". 097 Rest afec originadas no período perinatal";14;11;8;16;17;10;76
"098-100 MALF CONGÊN, DEFORM E ANOMAL CROMOSSÔMICAS";22;25;18;24;22;22;133
". 098 Malformações congênitas do sistema nervoso";4;1;2;1;4;1;13
". 099 Malf congênitas do aparelho circulatório";9;8;12;10;10;7;56
". 100 Rest de malf cong, deform e anomal Cromoss";9;16;4;13;8;14;64
"101-103 SINT, SIN E ACH ANORM CLÍN E LAB, NCOP";123;48;62;34;93;31;391
". 101 Senilidade";3;6;2;1;4;-;16
". 102 Morte sem assistência médica";3;-;2;1;-;1;7
". 103 Rest sint, sin e ach anorm clín e laborat";117;42;58;32;89;30;368
"104-113 CAUSAS EXTERNAS DE MORBIDADE E MORTALIDADE";174;174;162;200;228;246;1184
". 104 Acidentes de transporte";59;62;64;65;79;88;417
". 105 Quedas";28;29;28;33;35;54;207
". 106 Afogamento e submersões acidentais";1;6;2;8;6;4;27
". 107 Exposição à fumaça, ao fogo e às chamas";2;2;2;1;1;2;10
". 109 Lesões autoprovocadas voluntariamente";28;29;23;36;31;33;180
". 110 Agressões";26;32;24;29;37;36;184
". 111 Eventos(fatos) cuja intenção é indeterminada";16;6;5;15;26;19;87
". 113 Todas as outras causas externas";14;8;14;13;13;10;72
"Total";2187;2435;3061;2595;2575;2521;15374