"Capítulo CID-10";"2019";"2020";"2021";"2022";"2023";"2024";"Total"
"I.   Algumas doenças infecciosas e parasitárias";142;415;1034;276;172;167;2206
"II.  Neoplasias (tumores)";453;442;435;444;471;517;2762
"III. Doenças sangue órgãos hemat e transt imunitár";15;9;14;23;9;18;88
"IV.  Doenças endócrinas nutricionais e metabólicas";111;105;89;84;121;83;593
"V.   Transtornos mentais e comportamentais";33;21;33;19;17;24;147
"VI.  Doenças do sistema nervoso";89;83;78;75;120;94;539
"VIII.Doenças do ouvido e da apófise mastóide";-;1;-;1;2;1;5
"IX.  Doenças do aparelho circulatório";499;609;670;752;655;721;3906
"X.   Doenças do aparelho respiratório";229;225;187;313;337;310;1601
"XI.  Doenças do aparelho digestivo";122;127;113;148;143;129;782
"XII. Doenças da pele e do tecido subcutâneo";10;5;17;24;20;18;94
"XIII.Doenças sist osteomuscular e tec conjuntivo";22;21;20;22;11;15;111
"XIV. Doenças do aparelho geniturinário";106;94;84;123;113;96;616
"XV.  Gravidez parto e puerpério";-;3;10;-;6;1;20
"XVI. Algumas afec originadas no período perinatal";37;28;35;33;35;28;196
"XVII.Malf cong deformid e anomalias cromossômicas";22;25;18;24;22;22;133
"XVIII.Sint sinais e achad anorm ex clín e laborat";123;48;62;34;93;31;391
"XX.  Causas externas de morbidade e mortalidade";174;174;162;200;228;246;1184
"Total";2187;2435;3061;2595;2575;2521;15374